,names,address,email,phone,Unmasked_Text,Content_masked
0,Maisie,4650 CUSHING PARKWAY,pede@lacusCras.org,(671) 348-5817,My name is Maisie and my email is pede@lacusCras.org. My phone # is (671) 348-5817. My address is 4650 CUSHING PARKWAY,My name is ****** and my email is ******************. My phone # is **************. My address is ***************************
1,Rylee,44201 NOBEL DRIVE,risus@facilisis.net,(970) 853-8816,My name is Rylee and my email is risus@facilisis.net. My phone # is (970) 853-8816. My address is 44201 NOBEL DRIVE,My name is ***** and my email is *******************. My phone # is **************. My address is *****************
2,Felix,5130 HACIENDA DRIVE,in@Maurisut.co.uk,(311) 434-8134,My name is Felix and my email is in@Maurisut.co.uk. My phone # is (311) 434-8134. My address is 5130 HACIENDA DRIVE,My name is ***** and my email is *****************. My phone # is **************. My address is *******************
3,Hiroko,345 COURT STREET,ullamcorper@sapien.ca,(713) 744-6780,My name is Hiroko and my email is ullamcorper@sapien.ca. My phone # is (713) 744-6780. My address is 345 COURT STREET,My name is ****** and my email is *********************. My phone # is **************. My address is ****************
4,Dominique,600 GRANT STREET,nibh.dolor@penatibusetmagnis.co.uk,(470) 400-5847,My name is Dominique and my email is nibh.dolor@penatibusetmagnis.co.uk. My phone # is (470) 400-5847. My address is 600 GRANT STREET,My name is ********* and my email is **********************************. My phone # is **************. My address is ****************
5,Samson,225 WEST STATION SQUARE DRIVE,leo@ligulaAenean.co.uk,(578) 752-8269,My name is Samson and my email is leo@ligulaAenean.co.uk. My phone # is (578) 752-8269. My address is 225 WEST STATION SQUARE DRIVE,My name is ****** and my email is *************************. My phone # is **************. My address is *****************************
6,Mannix,249 5TH AVENUE,eget@lectusquismassa.net,(964) 758-7996,My name is Mannix and my email is eget@lectusquismassa.net. My phone # is (964) 758-7996. My address is 249 5TH AVENUE,My name is ****** and my email is ************************. My phone # is **************. My address is **************
7,Lionel,1 PPG PLACE,non.quam@Crasconvallis.com,(392) 577-9239,My name is Lionel and my email is non.quam@Crasconvallis.com. My phone # is (392) 577-9239. My address is 1 PPG PLACE,My name is ****** and my email is ******************************. My phone # is **************. My address is 1 *********
8,Ryder,9201 EAST DRY CREEK ROAD,neque.Nullam.ut@sollicitudincommodoipsum.ca,(177) 355-6993,My name is Ryder and my email is neque.Nullam.ut@sollicitudincommodoipsum.ca. My phone # is (177) 355-6993. My address is 9201 EAST DRY CREEK ROAD,My name is ***** and my email is *******************************************. My phone # is **************. My address is ************************
9,Yuri,9601 SOUTH MERIDIAN BOULEVARD,pretium.et@mollis.edu,(227) 160-6153,My name is Yuri and my email is pretium.et@mollis.edu. My phone # is (227) 160-6153. My address is 9601 SOUTH MERIDIAN BOULEVARD,My name is **** and my email is *********************. My phone # is **************. My address is *****************************
10,Fredericka,12500 EAST BELFORD AVENUE,conubia.nostra.per@dolor.com,(694) 812-3631,My name is Fredericka and my email is conubia.nostra.per@dolor.com. My phone # is (694) 812-3631. My address is 12500 EAST BELFORD AVENUE,My name is ********** and my email is *************************************. My phone # is **************. My address is 12500 EAST ******* AVENUE
11,Derek,1100 WILSON BOULEVARD,ullamcorper.magna@aliquameu.edu,(255) 657-3945,My name is Derek and my email is ullamcorper.magna@aliquameu.edu. My phone # is (255) 657-3945. My address is 1100 WILSON BOULEVARD,My name is ***** and my email is *******************************. My phone # is **************. My address is ***************************
12,Elaine,702 SW 8TH STREET,vel@euismodenim.org,(224) 855-2350,My name is Elaine and my email is vel@euismodenim.org. My phone # is (224) 855-2350. My address is 702 SW 8TH STREET,My name is ****** and my email is *******************. My phone # is **************. My address is *****************
13,Quin,615 J.B. HUNT CORPORATE DRIVE,nec@senectusetnetus.com,(631) 654-4357,My name is Quin and my email is nec@senectusetnetus.com. My phone # is (631) 654-4357. My address is 615 J.B. HUNT CORPORATE DRIVE,My name is **** and my email is ***********************. My phone # is **************. My address is **************************************
14,Kevyn,1 BECTON DRIVE,aliquet@Morbi.co.uk,(468) 621-3411,My name is Kevyn and my email is aliquet@Morbi.co.uk. My phone # is (468) 621-3411. My address is 1 BECTON DRIVE,My name is ***** and my email is ************************. My phone # is **************. My address is **************
15,Giselle,933 MACARTHUR BOULEVARD,cursus@penatibuset.org,(920) 604-9752,My name is Giselle and my email is cursus@penatibuset.org. My phone # is (920) 604-9752. My address is 933 MACARTHUR BOULEVARD,My name is ******* and my email is **********************. My phone # is **************. My address is ***********************
16,Kitra,500 FRANK W BURR BOULEVARD,in.faucibus@miacmattis.edu,(340) 198-9226,My name is Kitra and my email is in.faucibus@miacmattis.edu. My phone # is (340) 198-9226. My address is 500 FRANK W BURR BOULEVARD,My name is ***** and my email is **************************. My phone # is **************. My address is **************************************
17,Blair,200 EAST BASSE ROAD,egestas.urna.justo@quamdignissim.com,(284) 674-0041,My name is Blair and my email is egestas.urna.justo@quamdignissim.com. My phone # is (284) 674-0041. My address is 200 EAST BASSE ROAD,My name is ***** and my email is *****************************************. My phone # is **************. My address is *******************
18,Noelani,19500 BULVERDE ROAD,fringilla@magna.edu,(494) 128-4013,My name is Noelani and my email is fringilla@magna.edu. My phone # is (494) 128-4013. My address is 19500 BULVERDE ROAD,My name is ******* and my email is *******************. My phone # is **************. My address is *******************
19,Maisie,1 VALERO WAY,ut@Praesenteu.ca,(672) 210-0935,My name is Maisie and my email is ut@Praesenteu.ca. My phone # is (672) 210-0935. My address is 1 VALERO WAY,My name is ****** and my email is ****************. My phone # is **************. My address is ************
20,Kennan,19100 RIDGEWOOD PARKWAY,Quisque@idmollisnec.net,(881) 587-1257,My name is Kennan and my email is Quisque@idmollisnec.net. My phone # is (881) 587-1257. My address is 19100 RIDGEWOOD PARKWAY,My name is ****** and my email is ***********************. My phone # is **************. My address is ***********************
21,Henry,9800 FREDERICKSBURG ROAD,justo@tellusAeneanegestas.ca,(266) 605-4121,My name is Henry and my email is justo@tellusAeneanegestas.ca. My phone # is (266) 605-4121. My address is 9800 FREDERICKSBURG ROAD,My name is ***** and my email is *********************************. My phone # is **************. My address is ************************
22,Rosalyn,1025 WEST NASA BOULEVARD,sapien.imperdiet.ornare@nec.net,(399) 339-3966,My name is Rosalyn and my email is sapien.imperdiet.ornare@nec.net. My phone # is (399) 339-3966. My address is 1025 WEST NASA BOULEVARD,My name is ******* and my email is *******************************. My phone # is **************. My address is ************************
23,Shay,10 LONGS PEAK DRIVE,sapien.molestie@orcilobortisaugue.org,(123) 575-8357,My name is Shay and my email is sapien.molestie@orcilobortisaugue.org. My phone # is (123) 575-8357. My address is 10 LONGS PEAK DRIVE,My name is **** and my email is *************************************. My phone # is **************. My address is *******************
24,Regan,2006 ROUTH 130,ut.nisi.a@feugiattellus.ca,(626) 648-9088,My name is Regan and my email is ut.nisi.a@feugiattellus.ca. My phone # is (626) 648-9088. My address is 2006 ROUTH 130,My name is ***** and my email is **************************. My phone # is **************. My address is 2006 ***** 130
25,Elizabeth,6200 SOUTH GILMORE ROAD,placerat@nonarcuVivamus.co.uk,(958) 101-5154,My name is Elizabeth and my email is placerat@nonarcuVivamus.co.uk. My phone # is (958) 101-5154. My address is 6200 SOUTH GILMORE ROAD,My name is ********* and my email is *****************************. My phone # is **************. My address is ******************************
26,Samantha,1 CAMPBELL PLACE,Cras.dolor@semmagna.co.uk,(485) 899-4798,My name is Samantha and my email is Cras.dolor@semmagna.co.uk. My phone # is (485) 899-4798. My address is 1 CAMPBELL PLACE,My name is ******** and my email is *************************. My phone # is **************. My address is 1 ******** PLACE
27,Melanie,500 VOLVO PARKWAY,eget.venenatis.a@egetvarius.com,(193) 637-5416,My name is Melanie and my email is eget.venenatis.a@egetvarius.com. My phone # is (193) 637-5416. My address is 500 VOLVO PARKWAY,My name is ******* and my email is *******************************. My phone # is **************. My address is *****************
28,Benedict,101 EAST STATE STREET,lectus.rutrum@aliquetodio.org,(745) 714-2376,My name is Benedict and my email is lectus.rutrum@aliquetodio.org. My phone # is (745) 714-2376. My address is 101 EAST STATE STREET,My name is ******** and my email is *****************************. My phone # is **************. My address is *********************
29,Garrett,3100 CUMBERLAND BOULEVARD,Suspendisse.tristique@massa.co.uk,(406) 565-2076,My name is Garrett and my email is Suspendisse.tristique@massa.co.uk. My phone # is (406) 565-2076. My address is 3100 CUMBERLAND BOULEVARD,My name is ******* and my email is *********************************. My phone # is **************. My address is *************************
30,Zachery,2455 PACES FERRY ROAD NW,Donec@enimNunc.com,(373) 847-4239,My name is Zachery and my email is Donec@enimNunc.com. My phone # is (373) 847-4239. My address is 2455 PACES FERRY ROAD NW,My name is ******* and my email is ******************. My phone # is **************. My address is ************************
31,Demetria,7500 DALLAS PARKWAY,malesuada.fringilla.est@Integersem.co.uk,(587) 893-9914,My name is Demetria and my email is malesuada.fringilla.est@Integersem.co.uk. My phone # is (587) 893-9914. My address is 7500 DALLAS PARKWAY,My name is ******** and my email is ****************************************. My phone # is **************. My address is *******************
32,Martin,5301 LEGACY DRIVE,pede.malesuada.vel@ultricesVivamus.edu,(507) 437-9442,My name is Martin and my email is pede.malesuada.vel@ultricesVivamus.edu. My phone # is (507) 437-9442. My address is 5301 LEGACY DRIVE,My name is ****** and my email is **************************************. My phone # is **************. My address is *****************
33,Jeremy,6501 LEGACY DRIVE,sed.orci.lobortis@risus.org,(258) 331-0343,My name is Jeremy and my email is sed.orci.lobortis@risus.org. My phone # is (258) 331-0343. My address is 6501 LEGACY DRIVE,My name is ****** and my email is ***************************. My phone # is **************. My address is *****************
34,Mary,7100 CORPORATE DRIVE,sed.dolor.Fusce@Maecenasmalesuadafringilla.com,(489) 931-2066,My name is Mary and my email is sed.dolor.Fusce@Maecenasmalesuadafringilla.com. My phone # is (489) 931-2066. My address is 7100 CORPORATE DRIVE,My name is **** and my email is **********************************************. My phone # is **************. My address is ********************
35,Amos,200 EAST RANDOLPH STREET,nec.quam@vestibulummassarutrum.co.uk,(539) 977-8901,My name is Amos and my email is nec.quam@vestibulummassarutrum.co.uk. My phone # is (539) 977-8901. My address is 200 EAST RANDOLPH STREET,My name is **** and my email is ****************************************. My phone # is **************. My address is ********************************
36,Shoshana,5 WESTBROOK CORPORATE CENTER,tellus.Phasellus@diam.net,(160) 695-6630,My name is Shoshana and my email is tellus.Phasellus@diam.net. My phone # is (160) 695-6630. My address is 5 WESTBROOK CORPORATE CENTER,My name is ******** and my email is *************************. My phone # is **************. My address is *************************************
37,MacKenzie,3333 BEVERLY ROAD,Donec.nibh@acipsum.co.uk,(926) 963-9009,My name is MacKenzie and my email is Donec.nibh@acipsum.co.uk. My phone # is (926) 963-9009. My address is 3333 BEVERLY ROAD,My name is ********* and my email is ************************. My phone # is **************. My address is ************************
38,Clark,200 EAST RANDOLPH DRIVE,blandit@lectusrutrum.com,(626) 560-9830,My name is Clark and my email is blandit@lectusrutrum.com. My phone # is (626) 560-9830. My address is 200 EAST RANDOLPH DRIVE,My name is ***** and my email is ************************. My phone # is **************. My address is *******************************
39,Kelly,10 SOUTH DEARBORN STREET,Nam.ligula@sollicitudincommodoipsum.org,(180) 803-9866,My name is Kelly and my email is Nam.ligula@sollicitudincommodoipsum.org. My phone # is (180) 803-9866. My address is 10 SOUTH DEARBORN STREET,My name is ***** and my email is ***************************************. My phone # is **************. My address is ************************
40,Dillon,100 NORTH RIVERSIDE PLAZA,vulputate@ullamcorpermagna.co.uk,(298) 800-9116,My name is Dillon and my email is vulputate@ullamcorpermagna.co.uk. My phone # is (298) 800-9116. My address is 100 NORTH RIVERSIDE PLAZA,My name is ****** and my email is ********************************. My phone # is **************. My address is *************************
41,Bevis,233 SOUTH WACKER DRIVE,elementum@scelerisque.ca,(613) 684-1615,My name is Bevis and my email is elementum@scelerisque.ca. My phone # is (613) 684-1615. My address is 233 SOUTH WACKER DRIVE,My name is ***** and my email is ************************. My phone # is **************. My address is ****************************
42,Fitzgerald,30 HUNTER LANE,torquent.per@metusAliquam.co.uk,(435) 941-0300,My name is Fitzgerald and my email is torquent.per@metusAliquam.co.uk. My phone # is (435) 941-0300. My address is 30 HUNTER LANE,My name is ********** and my email is *******************************. My phone # is **************. My address is *************************
43,Paul,101 WEST PROSPECT AVENUE,amet.ultricies.sem@utnisia.ca,(111) 489-3082,My name is Paul and my email is amet.ultricies.sem@utnisia.ca. My phone # is (111) 489-3082. My address is 101 WEST PROSPECT AVENUE,My name is **** and my email is *****************************. My phone # is **************. My address is ************************
44,Geoffrey,6035 PARKLAND BOULEVARD,velit@estmauris.com,(568) 137-9890,My name is Geoffrey and my email is velit@estmauris.com. My phone # is (568) 137-9890. My address is 6035 PARKLAND BOULEVARD,My name is ******** and my email is *******************. My phone # is **************. My address is 6035 ******************
45,Carlos,6300 WILSON MILLS ROAD,non.dapibus.rutrum@urnaVivamusmolestie.co.uk,(702) 804-4041,"hello, how are you? E-mail and phone numbers are: non.dapibus.rutrum@urnaVivamusmolestie.co.uk and (702) 804-4041. my name is Carlos. Address is: 6300 wilson mills road","hello, how are you? E-mail and phone numbers are: ********************************************** and **************. my name is ******. Address is: *********************************"
46,Grady,24601 CENTER RIDGE ROAD,nibh.Aliquam.ornare@nonluctussit.edu,(487) 392-0474,"hello, how are you? E-mail and phone numbers are: nibh.Aliquam.ornare@nonluctussit.edu and (487) 392-0474. my name is Grady. Address is: 24601 center ridge road","hello, how are you? E-mail and phone numbers are: ************************************ and **************. my name is *****. Address is: ***********************"
47,Lev,5500 CENEX DRIVE,nec.orci.Donec@Nunc.ca,(714) 606-5995,"hello, how are you? E-mail and phone numbers are: nec.orci.Donec@Nunc.ca and (714) 606-5995. my name is Lev. Address is: 5500 cenex drive","hello, how are you? E-mail and phone numbers are: ********************** and **************. my name is ***. Address is: ****************"
48,Herman,1031 MENDOTA HEIGHTS ROAD,Class@etrutrum.co.uk,(951) 261-5393,"hello, how are you? E-mail and phone numbers are: Class@etrutrum.co.uk and (951) 261-5393. my name is Herman. Address is: 1031 mendota heights road","hello, how are you? E-mail and phone numbers are: ********************** and **************. my name is ******. Address is: *************************"
49,Cora,351 PHELPS DRIVE,Duis.risus.odio@nullamagnamalesuada.org,(601) 893-5856,"hello, how are you? E-mail and phone numbers are: Duis.risus.odio@nullamagnamalesuada.org and (601) 893-5856. my name is Cora. Address is: 351 phelps drive","hello, how are you? E-mail and phone numbers are: *************************************** and **************. my name is ****. Address is: 351 ****** drive"
50,Warren,222 WEST LAS COLINAS BOULEVARD,imperdiet@sed.ca,(607) 272-7489,"hello, how are you? E-mail and phone numbers are: imperdiet@sed.ca and (607) 272-7489. my name is Warren. Address is: 222 west las colinas boulevard","hello, how are you? E-mail and phone numbers are: **************** and **************. my name is ******. Address is: ******************************"
51,Jana,6700 LAS COLINAS BOULEVARD,eu.placerat.eget@diamat.co.uk,(943) 293-7770,"hello, how are you? E-mail and phone numbers are: eu.placerat.eget@diamat.co.uk and (943) 293-7770. my name is Jana. Address is: 6700 las colinas boulevard","hello, how are you? E-mail and phone numbers are: ******************************* and **************. my name is ****. Address is: **************************"
52,Tanek,8000 BENT BRANCH DRIVE,purus@justo.org,(937) 784-3708,"hello, how are you? E-mail and phone numbers are: purus@justo.org and (937) 784-3708. my name is Tanek. Address is: 8000 bent branch drive","hello, how are you? E-mail and phone numbers are: ******************** and **************. my name is *****. Address is: **********************"
53,Priscilla,208 SOUTH AKARD STREET,est.Nunc.ullamcorper@vitaenibhDonec.com,(487) 937-5619,"hello, how are you? E-mail and phone numbers are: est.Nunc.ullamcorper@vitaenibhDonec.com and (487) 937-5619. my name is Priscilla. Address is: 208 south akard street","hello, how are you? E-mail and phone numbers are: *************************************** and **************. my name is *********. Address is: ***************************"
54,Kay,2711 NORTH HASKELL AVENUE,Curabitur.dictum.Phasellus@Donec.com,(364) 699-4594,"hello, how are you? E-mail and phone numbers are: Curabitur.dictum.Phasellus@Donec.com and (364) 699-4594. my name is Kay. Address is: 2711 north haskell avenue","hello, how are you? E-mail and phone numbers are: ************************************ and **************. my name is ***. Address is: ********************************"
55,Abel,8111 WESTCHESTER DRIVE,augue.scelerisque.mollis@ac.co.uk,(222) 499-5212,"hello, how are you? E-mail and phone numbers are: augue.scelerisque.mollis@ac.co.uk and (222) 499-5212. my name is Abel. Address is: 8111 westchester drive","hello, how are you? E-mail and phone numbers are: *********************************** and **************. my name is ****. Address is: **********************"
56,Chadwick,2702 LOVE FIELD DRIVE,sollicitudin@Aliquamvulputateullamcorper.net,(551) 961-8934,"yes, Chadwick is correct. Email is sollicitudin@Aliquamvulputateullamcorper.net and phone number is: (551) 961-8934. Physical address is: 2702 love field drive","yes, ******** is correct. Email is ******************************************** and phone number is: **************. Physical address is: *********************"
57,Colette,12500 TI BOULEVARD,commodo.tincidunt@atlibero.net,(683) 413-0096,"yes, Colette is correct. Email is commodo.tincidunt@atlibero.net and phone number is: (683) 413-0096. Physical address is: 12500 ti boulevard","yes, ******* is correct. Email is ****************************** and phone number is: **************. Physical address is: ******************"
58,Kirby,100 MISSION RIDGE,amet.ante.Vivamus@fringillacursuspurus.org,(302) 878-0911,"yes, Kirby is correct. Email is amet.ante.Vivamus@fringillacursuspurus.org and phone number is: (302) 878-0911. Physical address is: 100 mission ridge","yes, ***** is correct. Email is ****************************************** and phone number is: **************. Physical address is: *****************"
59,Melvin,259 NORTH RADNOR-CHESTER ROAD,magna.Lorem.ipsum@dignissimlacusAliquam.ca,(153) 111-0581,"yes, Melvin is correct. Email is magna.Lorem.ipsum@dignissimlacusAliquam.ca and phone number is: (153) 111-0581. Physical address is: 259 north radnor-chester road","yes, ****** is correct. Email is ****************************************** and phone number is: **************. Physical address is: ************************************"
60,Barbara,1300 MORRIS DRIVE,sed@auctorullamcorpernisl.co.uk,(262) 173-7314,"yes, Barbara is correct. Email is sed@auctorullamcorpernisl.co.uk and phone number is: (262) 173-7314. Physical address is: 1300 morris drive","yes, ******* is correct. Email is ********************************* and phone number is: **************. Physical address is: ***********************"
