names,address,email,phone,Unmasked_Text
Nerea,250 PARKCENTER BOULEVARD,lacinia@molestieSedid.com,(199) 345-9760,My name is Nerea and my email is lacinia@molestieSedid.com. My phone # is (199) 345-9760. My address is 250 PARKCENTER BOULEVARD
Hasad,8000 SOUTH FEDERAL WAY,luctus.Curabitur@ullamcorper.ca,(801) 538-9083,My name is Hasad and my email is luctus.Curabitur@ullamcorper.ca. My phone # is (801) 538-9083. My address is 8000 SOUTH FEDERAL WAY
Maisie,4650 CUSHING PARKWAY,pede@lacusCras.org,(671) 348-5817,My name is Maisie and my email is pede@lacusCras.org. My phone # is (671) 348-5817. My address is 4650 CUSHING PARKWAY
Rylee,44201 NOBEL DRIVE,risus@facilisis.net,(970) 853-8816,My name is Rylee and my email is risus@facilisis.net. My phone # is (970) 853-8816. My address is 44201 NOBEL DRIVE
Felix,5130 HACIENDA DRIVE,in@Maurisut.co.uk,(311) 434-8134,My name is Felix and my email is in@Maurisut.co.uk. My phone # is (311) 434-8134. My address is 5130 HACIENDA DRIVE
Hiroko,345 COURT STREET,ullamcorper@sapien.ca,(713) 744-6780,My name is Hiroko and my email is ullamcorper@sapien.ca. My phone # is (713) 744-6780. My address is 345 COURT STREET
Dominique,600 GRANT STREET,nibh.dolor@penatibusetmagnis.co.uk,(470) 400-5847,My name is Dominique and my email is nibh.dolor@penatibusetmagnis.co.uk. My phone # is (470) 400-5847. My address is 600 GRANT STREET
Samson,225 WEST STATION SQUARE DRIVE,leo@ligulaAenean.co.uk,(578) 752-8269,My name is Samson and my email is leo@ligulaAenean.co.uk. My phone # is (578) 752-8269. My address is 225 WEST STATION SQUARE DRIVE
Mannix,249 5TH AVENUE,eget@lectusquismassa.net,(964) 758-7996,My name is Mannix and my email is eget@lectusquismassa.net. My phone # is (964) 758-7996. My address is 249 5TH AVENUE
Lionel,1 PPG PLACE,non.quam@Crasconvallis.com,(392) 577-9239,My name is Lionel and my email is non.quam@Crasconvallis.com. My phone # is (392) 577-9239. My address is 1 PPG PLACE
Zoe,6363 SOUTH FIDDLER'S GREEN CIRCLE,Nulla.semper@placeratvelit.co.uk,(693) 880-6374,My name is Zoe and my email is Nulla.semper@placeratvelit.co.uk. My phone # is (693) 880-6374. My address is 6363 SOUTH FIDDLER'S GREEN CIRCLE
Ryder,9201 EAST DRY CREEK ROAD,neque.Nullam.ut@sollicitudincommodoipsum.ca,(177) 355-6993,My name is Ryder and my email is neque.Nullam.ut@sollicitudincommodoipsum.ca. My phone # is (177) 355-6993. My address is 9201 EAST DRY CREEK ROAD
Yuri,9601 SOUTH MERIDIAN BOULEVARD,pretium.et@mollis.edu,(227) 160-6153,My name is Yuri and my email is pretium.et@mollis.edu. My phone # is (227) 160-6153. My address is 9601 SOUTH MERIDIAN BOULEVARD
Melinda,12300 LIBERTY BOULEVARD,quam@interdumenim.co.uk,(871) 352-9721,My name is Melinda and my email is quam@interdumenim.co.uk. My phone # is (871) 352-9721. My address is 12300 LIBERTY BOULEVARD
TaShya,12300 LIBERTY BOULEVARD,aptent.taciti.sociosqu@at.co.uk,(163) 980-9322,My name is TaShya and my email is aptent.taciti.sociosqu@at.co.uk. My phone # is (163) 980-9322. My address is 12300 LIBERTY BOULEVARD
Fredericka,12500 EAST BELFORD AVENUE,conubia.nostra.per@dolor.com,(694) 812-3631,My name is Fredericka and my email is conubia.nostra.per@dolor.com. My phone # is (694) 812-3631. My address is 12500 EAST BELFORD AVENUE
Ciaran,4300 WILSON BOULEVARD,at.auctor.ullamcorper@lectuspede.ca,(425) 815-1158,My name is Ciaran and my email is at.auctor.ullamcorper@lectuspede.ca. My phone # is (425) 815-1158. My address is 4300 WILSON BOULEVARD
Derek,1100 WILSON BOULEVARD,ullamcorper.magna@aliquameu.edu,(255) 657-3945,My name is Derek and my email is ullamcorper.magna@aliquameu.edu. My phone # is (255) 657-3945. My address is 1100 WILSON BOULEVARD
Scarlett,500 JACKSON STREET,vel.faucibus@lectusquis.co.uk,(924) 205-4396,My name is Scarlett and my email is vel.faucibus@lectusquis.co.uk. My phone # is (924) 205-4396. My address is 500 JACKSON STREET
Elaine,702 SW 8TH STREET,vel@euismodenim.org,(224) 855-2350,My name is Elaine and my email is vel@euismodenim.org. My phone # is (224) 855-2350. My address is 702 SW 8TH STREET
Quin,615 J.B. HUNT CORPORATE DRIVE,nec@senectusetnetus.com,(631) 654-4357,My name is Quin and my email is nec@senectusetnetus.com. My phone # is (631) 654-4357. My address is 615 J.B. HUNT CORPORATE DRIVE
Rajah,200 RIVERFRONT BOULEVARD,augue.scelerisque@risusodio.com,(716) 117-2419,My name is Rajah and my email is augue.scelerisque@risusodio.com. My phone # is (716) 117-2419. My address is 200 RIVERFRONT BOULEVARD
Kevyn,1 BECTON DRIVE,aliquet@Morbi.co.uk,(468) 621-3411,My name is Kevyn and my email is aliquet@Morbi.co.uk. My phone # is (468) 621-3411. My address is 1 BECTON DRIVE
Giselle,933 MACARTHUR BOULEVARD,cursus@penatibuset.org,(920) 604-9752,My name is Giselle and my email is cursus@penatibuset.org. My phone # is (920) 604-9752. My address is 933 MACARTHUR BOULEVARD
Kitra,500 FRANK W BURR BOULEVARD,in.faucibus@miacmattis.edu,(340) 198-9226,My name is Kitra and my email is in.faucibus@miacmattis.edu. My phone # is (340) 198-9226. My address is 500 FRANK W BURR BOULEVARD
Blair,200 EAST BASSE ROAD,egestas.urna.justo@quamdignissim.com,(284) 674-0041,My name is Blair and my email is egestas.urna.justo@quamdignissim.com. My phone # is (284) 674-0041. My address is 200 EAST BASSE ROAD
Noelani,19500 BULVERDE ROAD,fringilla@magna.edu,(494) 128-4013,My name is Noelani and my email is fringilla@magna.edu. My phone # is (494) 128-4013. My address is 19500 BULVERDE ROAD
Maisie,1 VALERO WAY,ut@Praesenteu.ca,(672) 210-0935,My name is Maisie and my email is ut@Praesenteu.ca. My phone # is (672) 210-0935. My address is 1 VALERO WAY
Kennan,19100 RIDGEWOOD PARKWAY,Quisque@idmollisnec.net,(881) 587-1257,My name is Kennan and my email is Quisque@idmollisnec.net. My phone # is (881) 587-1257. My address is 19100 RIDGEWOOD PARKWAY
Henry,9800 FREDERICKSBURG ROAD,justo@tellusAeneanegestas.ca,(266) 605-4121,My name is Henry and my email is justo@tellusAeneanegestas.ca. My phone # is (266) 605-4121. My address is 9800 FREDERICKSBURG ROAD
Rosalyn,1025 WEST NASA BOULEVARD,sapien.imperdiet.ornare@nec.net,(399) 339-3966,My name is Rosalyn and my email is sapien.imperdiet.ornare@nec.net. My phone # is (399) 339-3966. My address is 1025 WEST NASA BOULEVARD
Shay,10 LONGS PEAK DRIVE,sapien.molestie@orcilobortisaugue.org,(123) 575-8357,My name is Shay and my email is sapien.molestie@orcilobortisaugue.org. My phone # is (123) 575-8357. My address is 10 LONGS PEAK DRIVE
Regan,2006 ROUTH 130,ut.nisi.a@feugiattellus.ca,(626) 648-9088,My name is Regan and my email is ut.nisi.a@feugiattellus.ca. My phone # is (626) 648-9088. My address is 2006 ROUTH 130
Elizabeth,6200 SOUTH GILMORE ROAD,placerat@nonarcuVivamus.co.uk,(958) 101-5154,My name is Elizabeth and my email is placerat@nonarcuVivamus.co.uk. My phone # is (958) 101-5154. My address is 6200 SOUTH GILMORE ROAD
Melissa,9227 CENTRE POINT DRIVE,Sed@fermentumarcuVestibulum.co.uk,(963) 116-9662,My name is Melissa and my email is Sed@fermentumarcuVestibulum.co.uk. My phone # is (963) 116-9662. My address is 9227 CENTRE POINT DRIVE
Raja,1 KELLOGG SQUARE,eu.dui.Cum@ligulaNullamfeugiat.ca,(767) 185-3294,My name is Raja and my email is eu.dui.Cum@ligulaNullamfeugiat.ca. My phone # is (767) 185-3294. My address is 1 KELLOGG SQUARE
Samantha,1 CAMPBELL PLACE,Cras.dolor@semmagna.co.uk,(485) 899-4798,My name is Samantha and my email is Cras.dolor@semmagna.co.uk. My phone # is (485) 899-4798. My address is 1 CAMPBELL PLACE
Melanie,500 VOLVO PARKWAY,eget.venenatis.a@egetvarius.com,(193) 637-5416,My name is Melanie and my email is eget.venenatis.a@egetvarius.com. My phone # is (193) 637-5416. My address is 500 VOLVO PARKWAY
Benedict,101 EAST STATE STREET,lectus.rutrum@aliquetodio.org,(745) 714-2376,My name is Benedict and my email is lectus.rutrum@aliquetodio.org. My phone # is (745) 714-2376. My address is 101 EAST STATE STREET
Tiger,2999 CIRCLE 75 PARKWAY,amet.diam.eu@duiin.ca,(733) 375-2466,My name is Tiger and my email is amet.diam.eu@duiin.ca. My phone # is (733) 375-2466. My address is 2999 CIRCLE 75 PARKWAY
Garrett,3100 CUMBERLAND BOULEVARD,Suspendisse.tristique@massa.co.uk,(406) 565-2076,My name is Garrett and my email is Suspendisse.tristique@massa.co.uk. My phone # is (406) 565-2076. My address is 3100 CUMBERLAND BOULEVARD
Zachery,2455 PACES FERRY ROAD NW,Donec@enimNunc.com,(373) 847-4239,My name is Zachery and my email is Donec@enimNunc.com. My phone # is (373) 847-4239. My address is 2455 PACES FERRY ROAD NW
Demetria,7500 DALLAS PARKWAY,malesuada.fringilla.est@Integersem.co.uk,(587) 893-9914,My name is Demetria and my email is malesuada.fringilla.est@Integersem.co.uk. My phone # is (587) 893-9914. My address is 7500 DALLAS PARKWAY
Martin,5301 LEGACY DRIVE,pede.malesuada.vel@ultricesVivamus.edu,(507) 437-9442,My name is Martin and my email is pede.malesuada.vel@ultricesVivamus.edu. My phone # is (507) 437-9442. My address is 5301 LEGACY DRIVE
Jeremy,6501 LEGACY DRIVE,sed.orci.lobortis@risus.org,(258) 331-0343,My name is Jeremy and my email is sed.orci.lobortis@risus.org. My phone # is (258) 331-0343. My address is 6501 LEGACY DRIVE
Mary,7100 CORPORATE DRIVE,sed.dolor.Fusce@Maecenasmalesuadafringilla.com,(489) 931-2066,My name is Mary and my email is sed.dolor.Fusce@Maecenasmalesuadafringilla.com. My phone # is (489) 931-2066. My address is 7100 CORPORATE DRIVE
Eve,6001 BOLLINGER CANYON ROAD,sociis.natoque.penatibus@Nunc.co.uk,(789) 100-1878,My name is Eve and my email is sociis.natoque.penatibus@Nunc.co.uk. My phone # is (789) 100-1878. My address is 6001 BOLLINGER CANYON ROAD
Plato,9399 WEST HIGGINS ROAD,non.quam.Pellentesque@ut.org,(843) 402-5793,My name is Plato and my email is non.quam.Pellentesque@ut.org. My phone # is (843) 402-5793. My address is 9399 WEST HIGGINS ROAD
Prescott,2301 PATRIOT BOULEVARD,eu.euismod@Aenean.edu,(321) 167-7021,My name is Prescott and my email is eu.euismod@Aenean.edu. My phone # is (321) 167-7021. My address is 2301 PATRIOT BOULEVARD
Lael,3600 WEST LAKE AVENUE,rutrum.eu@ac.org,(897) 966-3346,My name is Lael and my email is rutrum.eu@ac.org. My phone # is (897) 966-3346. My address is 3600 WEST LAKE AVENUE
Jada,2775 SANDERS ROAD,nunc.ac.mattis@ullamcorpernisl.com,(266) 533-8484,My name is Jada and my email is nunc.ac.mattis@ullamcorpernisl.com. My phone # is (266) 533-8484. My address is 2775 SANDERS ROAD
Amos,200 EAST RANDOLPH STREET,nec.quam@vestibulummassarutrum.co.uk,(539) 977-8901,My name is Amos and my email is nec.quam@vestibulummassarutrum.co.uk. My phone # is (539) 977-8901. My address is 200 EAST RANDOLPH STREET
Shoshana,5 WESTBROOK CORPORATE CENTER,tellus.Phasellus@diam.net,(160) 695-6630,My name is Shoshana and my email is tellus.Phasellus@diam.net. My phone # is (160) 695-6630. My address is 5 WESTBROOK CORPORATE CENTER
MacKenzie,3333 BEVERLY ROAD,Donec.nibh@acipsum.co.uk,(926) 963-9009,My name is MacKenzie and my email is Donec.nibh@acipsum.co.uk. My phone # is (926) 963-9009. My address is 3333 BEVERLY ROAD
Clark,200 EAST RANDOLPH DRIVE,blandit@lectusrutrum.com,(626) 560-9830,My name is Clark and my email is blandit@lectusrutrum.com. My phone # is (626) 560-9830. My address is 200 EAST RANDOLPH DRIVE
Hermione,307 NORTH MICHIGAN AVENUE,tristique.senectus.et@nasceturridiculus.org,(132) 811-1882,My name is Hermione and my email is tristique.senectus.et@nasceturridiculus.org. My phone # is (132) 811-1882. My address is 307 NORTH MICHIGAN AVENUE
Kelly,10 SOUTH DEARBORN STREET,Nam.ligula@sollicitudincommodoipsum.org,(180) 803-9866,My name is Kelly and my email is Nam.ligula@sollicitudincommodoipsum.org. My phone # is (180) 803-9866. My address is 10 SOUTH DEARBORN STREET
Dillon,100 NORTH RIVERSIDE PLAZA,vulputate@ullamcorpermagna.co.uk,(298) 800-9116,My name is Dillon and my email is vulputate@ullamcorpermagna.co.uk. My phone # is (298) 800-9116. My address is 100 NORTH RIVERSIDE PLAZA
Lacota,35 W WACKER DRIVE,inceptos.hymenaeos.Mauris@idblanditat.ca,(377) 276-9809,My name is Lacota and my email is inceptos.hymenaeos.Mauris@idblanditat.ca. My phone # is (377) 276-9809. My address is 35 W WACKER DRIVE
Bevis,233 SOUTH WACKER DRIVE,elementum@scelerisque.ca,(613) 684-1615,My name is Bevis and my email is elementum@scelerisque.ca. My phone # is (613) 684-1615. My address is 233 SOUTH WACKER DRIVE
Catherine,500 WEST MADISON STREET,justo@velturpis.ca,(497) 938-6467,My name is Catherine and my email is justo@velturpis.ca. My phone # is (497) 938-6467. My address is 500 WEST MADISON STREET
Fitzgerald,30 HUNTER LANE,torquent.per@metusAliquam.co.uk,(435) 941-0300,My name is Fitzgerald and my email is torquent.per@metusAliquam.co.uk. My phone # is (435) 941-0300. My address is 30 HUNTER LANE
Lionel,127 PUBLIC SQUARE,Vivamus.molestie@vulputate.com,(797) 924-9594,My name is Lionel and my email is Vivamus.molestie@vulputate.com. My phone # is (797) 924-9594. My address is 127 PUBLIC SQUARE
Paul,101 WEST PROSPECT AVENUE,amet.ultricies.sem@utnisia.ca,(111) 489-3082,My name is Paul and my email is amet.ultricies.sem@utnisia.ca. My phone # is (111) 489-3082. My address is 101 WEST PROSPECT AVENUE
Geoffrey,6035 PARKLAND BOULEVARD,velit@estmauris.com,(568) 137-9890,My name is Geoffrey and my email is velit@estmauris.com. My phone # is (568) 137-9890. My address is 6035 PARKLAND BOULEVARD
Carlos,6300 WILSON MILLS ROAD,non.dapibus.rutrum@urnaVivamusmolestie.co.uk,(702) 804-4041,"hello, how are you? E-mail and phone numbers are: non.dapibus.rutrum@urnaVivamusmolestie.co.uk and (702) 804-4041. my name is Carlos. Address is: 6300 wilson mills road"
Grady,24601 CENTER RIDGE ROAD,nibh.Aliquam.ornare@nonluctussit.edu,(487) 392-0474,"hello, how are you? E-mail and phone numbers are: nibh.Aliquam.ornare@nonluctussit.edu and (487) 392-0474. my name is Grady. Address is: 24601 center ridge road"
Lev,5500 CENEX DRIVE,nec.orci.Donec@Nunc.ca,(714) 606-5995,"hello, how are you? E-mail and phone numbers are: nec.orci.Donec@Nunc.ca and (714) 606-5995. my name is Lev. Address is: 5500 cenex drive"
Herman,1031 MENDOTA HEIGHTS ROAD,Class@etrutrum.co.uk,(951) 261-5393,"hello, how are you? E-mail and phone numbers are: Class@etrutrum.co.uk and (951) 261-5393. my name is Herman. Address is: 1031 mendota heights road"
Cora,351 PHELPS DRIVE,Duis.risus.odio@nullamagnamalesuada.org,(601) 893-5856,"hello, how are you? E-mail and phone numbers are: Duis.risus.odio@nullamagnamalesuada.org and (601) 893-5856. my name is Cora. Address is: 351 phelps drive"
Warren,222 WEST LAS COLINAS BOULEVARD,imperdiet@sed.ca,(607) 272-7489,"hello, how are you? E-mail and phone numbers are: imperdiet@sed.ca and (607) 272-7489. my name is Warren. Address is: 222 west las colinas boulevard"
Yasir,5959 LAS COLINAS BOULEVARD,habitant.morbi.tristique@imperdiet.com,(102) 668-2503,"hello, how are you? E-mail and phone numbers are: habitant.morbi.tristique@imperdiet.com and (102) 668-2503. my name is Yasir. Address is: 5959 las colinas boulevard"
Jana,6700 LAS COLINAS BOULEVARD,eu.placerat.eget@diamat.co.uk,(943) 293-7770,"hello, how are you? E-mail and phone numbers are: eu.placerat.eget@diamat.co.uk and (943) 293-7770. my name is Jana. Address is: 6700 las colinas boulevard"
Vera,6555 SIERRA DRIVE,non@Inat.edu,(155) 295-5112,"hello, how are you? E-mail and phone numbers are: non@Inat.edu and (155) 295-5112. my name is Vera. Address is: 6555 sierra drive"
Tanek,8000 BENT BRANCH DRIVE,purus@justo.org,(937) 784-3708,"hello, how are you? E-mail and phone numbers are: purus@justo.org and (937) 784-3708. my name is Tanek. Address is: 8000 bent branch drive"
Renee,2001 BRYAN STREET,pulvinar.arcu@auctorvitaealiquet.edu,(263) 154-3688,"hello, how are you? E-mail and phone numbers are: pulvinar.arcu@auctorvitaealiquet.edu and (263) 154-3688. my name is Renee. Address is: 2001 bryan street"
Quamar,2828 NORTH HARWOOD,scelerisque.neque.Nullam@massaSuspendisseeleifend.co.uk,(658) 647-3532,"hello, how are you? E-mail and phone numbers are: scelerisque.neque.Nullam@massaSuspendisseeleifend.co.uk and (658) 647-3532. my name is Quamar. Address is: 2828 north harwood"
Priscilla,208 SOUTH AKARD STREET,est.Nunc.ullamcorper@vitaenibhDonec.com,(487) 937-5619,"hello, how are you? E-mail and phone numbers are: est.Nunc.ullamcorper@vitaenibhDonec.com and (487) 937-5619. my name is Priscilla. Address is: 208 south akard street"
Alvin,1445 ROSS AVENUE,luctus.felis@nequeNullam.ca,(192) 964-6929,"hello, how are you? E-mail and phone numbers are: luctus.felis@nequeNullam.ca and (192) 964-6929. my name is Alvin. Address is: 1445 ross avenue"
Kay,2711 NORTH HASKELL AVENUE,Curabitur.dictum.Phasellus@Donec.com,(364) 699-4594,"hello, how are you? E-mail and phone numbers are: Curabitur.dictum.Phasellus@Donec.com and (364) 699-4594. my name is Kay. Address is: 2711 north haskell avenue"
Abel,8111 WESTCHESTER DRIVE,augue.scelerisque.mollis@ac.co.uk,(222) 499-5212,"hello, how are you? E-mail and phone numbers are: augue.scelerisque.mollis@ac.co.uk and (222) 499-5212. my name is Abel. Address is: 8111 westchester drive"
Chadwick,2702 LOVE FIELD DRIVE,sollicitudin@Aliquamvulputateullamcorper.net,(551) 961-8934,"yes, Chadwick is correct. Email is sollicitudin@Aliquamvulputateullamcorper.net and phone number is: (551) 961-8934. Physical address is: 2702 love field drive"
Colette,12500 TI BOULEVARD,commodo.tincidunt@atlibero.net,(683) 413-0096,"yes, Colette is correct. Email is commodo.tincidunt@atlibero.net and phone number is: (683) 413-0096. Physical address is: 12500 ti boulevard"
Yuli,6000 AMERICAN PARKWAY,amet@arcuacorci.edu,(111) 219-3730,"yes, Yuli is correct. Email is amet@arcuacorci.edu and phone number is: (111) 219-3730. Physical address is: 6000 american parkway"
Alexa,100 CRYSTAL A DRIVE,tristique@egetipsumDonec.com,(315) 537-4420,"yes, Alexa is correct. Email is tristique@egetipsumDonec.com and phone number is: (315) 537-4420. Physical address is: 100 crystal a drive"
Kirby,100 MISSION RIDGE,amet.ante.Vivamus@fringillacursuspurus.org,(302) 878-0911,"yes, Kirby is correct. Email is amet.ante.Vivamus@fringillacursuspurus.org and phone number is: (302) 878-0911. Physical address is: 100 mission ridge"
Kiona,1 PARK PLAZA,fringilla.euismod.enim@ullamcorperviverraMaecenas.edu,(479) 408-6711,"yes, Kiona is correct. Email is fringilla.euismod.enim@ullamcorperviverraMaecenas.edu and phone number is: (479) 408-6711. Physical address is: 1 park plaza"
Melvin,259 NORTH RADNOR-CHESTER ROAD,magna.Lorem.ipsum@dignissimlacusAliquam.ca,(153) 111-0581,"yes, Melvin is correct. Email is magna.Lorem.ipsum@dignissimlacusAliquam.ca and phone number is: (153) 111-0581. Physical address is: 259 north radnor-chester road"
Barbara,1300 MORRIS DRIVE,sed@auctorullamcorpernisl.co.uk,(262) 173-7314,"yes, Barbara is correct. Email is sed@auctorullamcorpernisl.co.uk and phone number is: (262) 173-7314. Physical address is: 1300 morris drive"
Faith,150 NORTH RADNOR CHESTER ROAD,nisi.Aenean@consequatauctornunc.com,(838) 641-2694,"yes, Faith is correct. Email is nisi.Aenean@consequatauctornunc.com and phone number is: (838) 641-2694. Physical address is: 150 north radnor chester road"